arm,metric,vs,mean_diff,se,n_seeds,same_sign,t
oss20b/append,norm_score,oss20b/stateless,-0.37166327913279135,0.11269757232255785,4,4,-3.2978818573751854
oss20b/append,lines_cleared,oss20b/stateless,-13.0,3.415650255319866,4,4,-3.8060102844992794
oss20b/append,pieces_placed,oss20b/stateless,-47.0,7.756717518813397,4,4,-6.059264100568915
oss20b/append,regret_beam,oss20b/stateless,3.498043802693126,0.4670827373774036,4,4,7.489130988514143
oss20b/append,regret_rollout,oss20b/stateless,1.579090855920246,0.6822898477386975,4,3,2.314398874838607
oss20b/append,cost_usd,oss20b/stateless,-0.0030819425,0.0005426822270963459,4,4,-5.679092378775918
oss20b/append,ttft_p50,oss20b/stateless,0.04710564062497724,0.02526401941486856,4,4,1.8645346906776954
oss20b/append,cached_frac,oss20b/stateless,0.4721058837230915,0.01257723964695254,4,4,37.53652605621477
oss20b/window8,norm_score,oss20b/stateless,-0.36798979754503425,0.12030312613024235,4,4,-3.0588548226638914
oss20b/window8,lines_cleared,oss20b/stateless,-13.0,3.8944404818493075,4,4,-3.3380918415851206
oss20b/window8,pieces_placed,oss20b/stateless,-39.0,9.669539802906858,4,4,-4.03328398196115
oss20b/window8,regret_beam,oss20b/stateless,2.1650708086185237,0.8055382267857553,4,4,2.6877319246009614
oss20b/window8,regret_rollout,oss20b/stateless,3.88532581950874,0.46637525488156695,4,4,8.330900447313384
oss20b/window8,cost_usd,oss20b/stateless,0.00767172,0.001490932735767558,4,4,5.145584248004633
oss20b/window8,ttft_p50,oss20b/stateless,0.13017848362500217,0.011294222927170928,4,4,11.526112461604331
oss20b/window8,cached_frac,oss20b/stateless,-0.2575033779796747,0.02101777876220103,4,4,-12.25169323995246
oss120b/append,norm_score,oss120b/stateless,-0.5069554041128645,0.17055635763067387,4,4,-2.9723629840327375
oss120b/append,lines_cleared,oss120b/stateless,-19.75,6.498397238293967,4,4,-3.039210943217899
oss120b/append,pieces_placed,oss120b/stateless,-42.25,13.085456303341763,4,4,-3.2287754450878565
oss120b/append,regret_beam,oss120b/stateless,2.6177745179654077,0.1339701051583154,4,4,19.539990021444908
oss120b/append,regret_rollout,oss120b/stateless,3.764052517319168,1.4627504695415434,4,3,2.573270421508667
oss120b/append,cost_usd,oss120b/stateless,-0.0057064499999999255,0.0018619462247202625,4,4,-3.0647770189266654
oss120b/append,ttft_p50,oss120b/stateless,0.07093068362507894,0.013303305469823503,4,4,5.331808984314031
oss120b/append,cached_frac,oss120b/stateless,0.5019639912772802,0.003640200687261776,4,4,137.89459274424414
oss120b/window8,norm_score,oss120b/stateless,-0.051339072214251505,0.13608139861700655,4,2,-0.3772673762616332
oss120b/window8,lines_cleared,oss120b/stateless,-1.75,4.3851073723076235,4,3,-0.3990780273822755
oss120b/window8,pieces_placed,oss120b/stateless,5.5,6.898067362191626,4,1,0.7973247739135679
oss120b/window8,regret_beam,oss120b/stateless,0.525036128647587,0.27337533482519144,4,3,1.9205687630280137
oss120b/window8,regret_rollout,oss120b/stateless,2.2933298260381596,1.8275139988243871,4,3,1.2548904290273153
oss120b/window8,cost_usd,oss120b/stateless,0.06621517500000007,0.002425503547848353,4,4,27.299558089180735
oss120b/window8,ttft_p50,oss120b/stateless,0.23623931112479113,0.00883397324339958,4,4,26.742135686374244
oss120b/window8,cached_frac,oss120b/stateless,-0.3274268458182902,0.0022067739767795014,4,4,-148.37353044017988
dsv4flash/append,norm_score,dsv4flash/stateless,-0.0012334608640203956,0.038002793623630904,4,2,-0.032457110291318286
dsv4flash/append,lines_cleared,dsv4flash/stateless,0.0,1.4719601443879744,4,2,0.0
dsv4flash/append,pieces_placed,dsv4flash/stateless,-3.5,2.327373340628157,4,3,-1.503841235482809
dsv4flash/append,regret_beam,dsv4flash/stateless,0.10341130959393241,0.14813094957417186,4,2,0.6981073833065014
dsv4flash/append,regret_rollout,dsv4flash/stateless,1.212442299660772,2.3062029795366614,4,3,0.5257309570835623
dsv4flash/append,cost_usd,dsv4flash/stateless,0.04925518499999999,0.007312337857996691,4,4,6.735901151795806
dsv4flash/append,ttft_p50,dsv4flash/stateless,0.39946182025011023,0.1255897436213573,4,4,3.1806882372055365
dsv4flash/append,cached_frac,dsv4flash/stateless,0.6000949070795931,0.0056501793767134555,4,4,106.20811607376805
dsv4flash/window8,norm_score,dsv4flash/stateless,0.07812649450023913,0.11862991773870157,4,2,0.6585732839529005
dsv4flash/window8,lines_cleared,dsv4flash/stateless,2.5,4.092676385936225,4,2,0.6108472217815261
dsv4flash/window8,pieces_placed,dsv4flash/stateless,11.0,11.467344941179714,4,2,0.9592455844332842
dsv4flash/window8,regret_beam,dsv4flash/stateless,-1.9215943344994402,0.6207916197512742,4,4,-3.0953934836770904
dsv4flash/window8,regret_rollout,dsv4flash/stateless,-0.31332176437901627,1.7460847843669387,4,3,-0.1794424687645476
dsv4flash/window8,cost_usd,dsv4flash/stateless,0.031689840000000004,0.008550203536598803,4,4,3.7063258043335363
dsv4flash/window8,ttft_p50,dsv4flash/stateless,0.5586554488750154,0.4469997272525928,4,3,1.2497892388183218
dsv4flash/window8,cached_frac,dsv4flash/stateless,-0.09522211127976893,0.02822929907959532,4,4,-3.37316597947688
