arm,model,episode_seed,turn,board,curr,next,legal_ids,proposed_id,used_id,fallback_reason,lines_cleared,score_after,done,n_legal,top_prob,input_tokens,latency_s,ok
intelif-qwen3-4b/decision,intelif-qwen3-4b@v0.1,1000,0,........../........../........../........../........../........../........../........../........../........../........../........../........../........../........../........../........../........../........../..........,T,O,"[0, 1, 2, 3, 4, 5, 6, 7, 10, 11, 12, 13, 14, 15, 16, 17, 18, 20, 21, 22, 23, 24, 25, 26, 27, 30, 31, 32, 33, 34, 35, 36, 37, 38]",4,4,,0,0,False,34,0.1325560361146927,1179,32.233769046999896,True
intelif-qwen3-4b/decision,intelif-qwen3-4b@v0.1,1000,1,........../........../........../........../........../........../........../........../........../........../........../........../........../........../........../........../........../........../.....#..../....###...,O,Z,"[0, 1, 2, 3, 4, 5, 6, 7, 8]",7,7,,0,0,False,9,0.18587902188301086,379,12.943804297000042,True
intelif-qwen3-4b/decision,intelif-qwen3-4b@v0.1,1000,2,........../........../........../........../........../........../........../........../........../........../........../........../........../........../........../........../........../........../.....#.##./....#####.,Z,T,"[0, 1, 2, 3, 4, 5, 6, 7, 10, 11, 12, 13, 14, 15, 16, 17, 18]",13,13,,0,0,False,17,0.11683370918035507,644,18.426481419000083,True
intelif-qwen3-4b/decision,intelif-qwen3-4b@v0.1,1000,3,........../........../........../........../........../........../........../........../........../........../........../........../........../........../........../........../........../....#...../...###.##./...######.,T,I,"[0, 1, 2, 3, 4, 5, 6, 7, 10, 11, 12, 13, 14, 15, 16, 17, 18, 20, 21, 22, 23, 24, 25, 26, 27, 30, 31, 32, 33, 34, 35, 36, 37, 38]",5,5,,0,0,False,34,0.1366727501153946,1165,31.541054568000163,True
intelif-qwen3-4b/decision,intelif-qwen3-4b@v0.1,1000,4,........../........../........../........../........../........../........../........../........../........../........../........../........../........../........../........../......#.../....####../...###.##./...######.,I,O,"[0, 1, 2, 3, 4, 5, 6, 10, 11, 12, 13, 14, 15, 16, 17, 18, 19]",0,0,,0,0,False,17,0.17364439368247986,619,17.691511512000034,True
intelif-qwen3-4b/decision,intelif-qwen3-4b@v0.1,1000,5,........../........../........../........../........../........../........../........../........../........../........../........../........../........../........../........../......#.../########../...###.##./...######.,O,L,"[0, 1, 2, 3, 4, 5, 6, 7, 8]",8,8,,1,2,False,9,0.532029926776886,386,13.073358020999876,True
intelif-qwen3-4b/decision,intelif-qwen3-4b@v0.1,1000,6,........../........../........../........../........../........../........../........../........../........../........../........../........../........../........../........../........../......#.##/...###.##./...######.,L,I,"[0, 1, 2, 3, 4, 5, 6, 7, 10, 11, 12, 13, 14, 15, 16, 17, 18, 20, 21, 22, 23, 24, 25, 26, 27, 30, 31, 32, 33, 34, 35, 36, 37, 38]",0,0,,0,2,False,34,0.1995747685432434,1164,32.13912769400031,True
intelif-qwen3-4b/decision,intelif-qwen3-4b@v0.1,1000,7,........../........../........../........../........../........../........../........../........../........../........../........../........../........../........../........../........../......#.##/..####.##./#########.,I,O,"[0, 1, 2, 3, 4, 5, 6, 10, 11, 12, 13, 14, 15, 16, 17, 18, 19]",2,2,,0,2,False,17,0.38788697123527527,624,17.18795488700016,True
intelif-qwen3-4b/decision,intelif-qwen3-4b@v0.1,1000,8,........../........../........../........../........../........../........../........../........../........../........../........../........../........../........../........../........../..#####.##/..####.##./#########.,O,J,"[0, 1, 2, 3, 4, 5, 6, 7, 8]",0,0,,0,2,False,9,0.46727055311203003,387,12.529300326000339,True
intelif-qwen3-4b/decision,intelif-qwen3-4b@v0.1,1000,9,........../........../........../........../........../........../........../........../........../........../........../........../........../........../........../........../........../#######.##/######.##./#########.,J,S,"[0, 1, 2, 3, 4, 5, 6, 7, 10, 11, 12, 13, 14, 15, 16, 17, 18, 20, 21, 22, 23, 24, 25, 26, 27, 30, 31, 32, 33, 34, 35, 36, 37, 38]",17,17,,1,4,False,34,0.11445576697587967,1171,32.64672918499991,True
intelif-qwen3-4b/decision,intelif-qwen3-4b@v0.1,1000,10,........../........../........../........../........../........../........../........../........../........../........../........../........../........../........../........../.......##./.......#../######.##./#########.,S,O,"[0, 1, 2, 3, 4, 5, 6, 7, 10, 11, 12, 13, 14, 15, 16, 17, 18]",15,15,,0,4,False,17,0.2766670286655426,637,17.85427223600027,True
intelif-qwen3-4b/decision,intelif-qwen3-4b@v0.1,1000,11,........../........../........../........../........../........../........../........../........../........../........../........../........../........../........../........../.....#.##./.....###../#########./#########.,O,J,"[0, 1, 2, 3, 4, 5, 6, 7, 8]",3,3,,0,4,False,9,0.659426212310791,380,12.96726772799957,True
intelif-qwen3-4b/decision,intelif-qwen3-4b@v0.1,1000,12,........../........../........../........../........../........../........../........../........../........../........../........../........../........../........../........../...###.##./...#####../#########./#########.,J,J,"[0, 1, 2, 3, 4, 5, 6, 7, 10, 11, 12, 13, 14, 15, 16, 17, 18, 20, 21, 22, 23, 24, 25, 26, 27, 30, 31, 32, 33, 34, 35, 36, 37, 38]",0,0,,0,4,False,34,0.27420955896377563,1172,32.10516491500039,True
intelif-qwen3-4b/decision,intelif-qwen3-4b@v0.1,1000,13,........../........../........../........../........../........../........../........../........../........../........../........../........../........../........../........../#..###.##./########../#########./#########.,J,Z,"[0, 1, 2, 3, 4, 5, 6, 7, 10, 11, 12, 13, 14, 15, 16, 17, 18, 20, 21, 22, 23, 24, 25, 26, 27, 30, 31, 32, 33, 34, 35, 36, 37, 38]",24,24,,0,4,False,34,0.1272566169500351,1182,31.280840870000247,True
intelif-qwen3-4b/decision,intelif-qwen3-4b@v0.1,1000,14,........../........../........../........../........../........../........../........../........../........../........../........../........../........../........../....###.../#..######./########../#########./#########.,Z,J,"[0, 1, 2, 3, 4, 5, 6, 7, 10, 11, 12, 13, 14, 15, 16, 17, 18]",0,0,,0,4,False,17,0.3485206663608551,642,19.114841275000344,True
intelif-qwen3-4b/decision,intelif-qwen3-4b@v0.1,1000,15,........../........../........../........../........../........../........../........../........../........../........../........../........../........../........../##..###.../#########./########../#########./#########.,J,L,"[0, 1, 2, 3, 4, 5, 6, 7, 10, 11, 12, 13, 14, 15, 16, 17, 18, 20, 21, 22, 23, 24, 25, 26, 27, 30, 31, 32, 33, 34, 35, 36, 37, 38]",27,27,,1,6,False,34,0.3161573112010956,1178,30.906872309999926,True
intelif-qwen3-4b/decision,intelif-qwen3-4b@v0.1,1000,16,........../........../........../........../........../........../........../........../........../........../........../........../........../........../........../........../##..######/########../#########./#########.,L,Z,"[0, 1, 2, 3, 4, 5, 6, 7, 10, 11, 12, 13, 14, 15, 16, 17, 18, 20, 21, 22, 23, 24, 25, 26, 27, 30, 31, 32, 33, 34, 35, 36, 37, 38]",12,12,,1,8,False,34,0.19287395477294922,1175,30.649318138000126,True
intelif-qwen3-4b/decision,intelif-qwen3-4b@v0.1,1000,17,........../........../........../........../........../........../........../........../........../........../........../........../........../........../........../..#......./..#......./########../#########./#########.,Z,O,"[0, 1, 2, 3, 4, 5, 6, 7, 10, 11, 12, 13, 14, 15, 16, 17, 18]",3,3,,0,8,False,17,0.4241945147514343,640,18.30064285799972,True
intelif-qwen3-4b/decision,intelif-qwen3-4b@v0.1,1000,18,........../........../........../........../........../........../........../........../........../........../........../........../........../........../........../..###...../..#.##..../########../#########./#########.,O,J,"[0, 1, 2, 3, 4, 5, 6, 7, 8]",0,0,,0,8,False,9,0.3574816882610321,385,13.22100303499974,True
intelif-qwen3-4b/decision,intelif-qwen3-4b@v0.1,1000,19,........../........../........../........../........../........../........../........../........../........../........../........../........../........../........../#####...../###.##..../########../#########./#########.,J,Z,"[0, 1, 2, 3, 4, 5, 6, 7, 10, 11, 12, 13, 14, 15, 16, 17, 18, 20, 21, 22, 23, 24, 25, 26, 27, 30, 31, 32, 33, 34, 35, 36, 37, 38]",38,38,,1,10,False,34,0.1720672845840454,1162,30.990714855999613,True
intelif-qwen3-4b/decision,intelif-qwen3-4b@v0.1,1000,20,........../........../........../........../........../........../........../........../........../........../........../........../........../........../........../........../#####....#/###.##...#/#########./#########.,Z,Z,"[0, 1, 2, 3, 4, 5, 6, 7, 10, 11, 12, 13, 14, 15, 16, 17, 18]",5,5,,0,10,False,17,0.5955846309661865,649,18.021717179999996,True
intelif-qwen3-4b/decision,intelif-qwen3-4b@v0.1,1000,21,........../........../........../........../........../........../........../........../........../........../........../........../........../........../........../........../#######..#/###.####.#/#########./#########.,Z,L,"[0, 1, 2, 3, 4, 5, 6, 7, 10, 11, 12, 13, 14, 15, 16, 17, 18]",6,6,,1,12,False,17,0.307921439409256,651,26.134741979999944,True
intelif-qwen3-4b/decision,intelif-qwen3-4b@v0.1,1000,22,........../........../........../........../........../........../........../........../........../........../........../........../........../........../........../........../......##../###.####.#/#########./#########.,L,J,"[0, 1, 2, 3, 4, 5, 6, 7, 10, 11, 12, 13, 14, 15, 16, 17, 18, 20, 21, 22, 23, 24, 25, 26, 27, 30, 31, 32, 33, 34, 35, 36, 37, 38]",23,23,,0,12,False,34,0.37367841601371765,1177,37.670898948000286,True
intelif-qwen3-4b/decision,intelif-qwen3-4b@v0.1,1000,23,........../........../........../........../........../........../........../........../........../........../........../........../........../........../........../........../...#####../########.#/#########./#########.,J,T,"[0, 1, 2, 3, 4, 5, 6, 7, 10, 11, 12, 13, 14, 15, 16, 17, 18, 20, 21, 22, 23, 24, 25, 26, 27, 30, 31, 32, 33, 34, 35, 36, 37, 38]",18,18,,1,14,False,34,0.29987654089927673,1171,31.56251710300012,True
intelif-qwen3-4b/decision,intelif-qwen3-4b@v0.1,1000,24,........../........../........../........../........../........../........../........../........../........../........../........../........../........../........../........../........##/...######./#########./#########.,T,O,"[0, 1, 2, 3, 4, 5, 6, 7, 10, 11, 12, 13, 14, 15, 16, 17, 18, 20, 21, 22, 23, 24, 25, 26, 27, 30, 31, 32, 33, 34, 35, 36, 37, 38]",3,3,,0,14,False,34,0.12873965501785278,1180,32.68792952099966,True
intelif-qwen3-4b/decision,intelif-qwen3-4b@v0.1,1000,25,........../........../........../........../........../........../........../........../........../........../........../........../........../........../........../....#...../...###..##/...######./#########./#########.,O,J,"[0, 1, 2, 3, 4, 5, 6, 7, 8]",1,1,,0,14,False,9,0.3876306116580963,387,12.046682210999734,True
intelif-qwen3-4b/decision,intelif-qwen3-4b@v0.1,1000,26,........../........../........../........../........../........../........../........../........../........../........../........../........../........../........../....#...../.#####..##/.########./#########./#########.,J,I,"[0, 1, 2, 3, 4, 5, 6, 7, 10, 11, 12, 13, 14, 15, 16, 17, 18, 20, 21, 22, 23, 24, 25, 26, 27, 30, 31, 32, 33, 34, 35, 36, 37, 38]",10,10,,0,14,False,34,0.29209205508232117,1182,31.571951454999635,True
intelif-qwen3-4b/decision,intelif-qwen3-4b@v0.1,1000,27,........../........../........../........../........../........../........../........../........../........../........../........../........../........../........../##..#...../######..##/#########./#########./#########.,I,Z,"[0, 1, 2, 3, 4, 5, 6, 10, 11, 12, 13, 14, 15, 16, 17, 18, 19]",5,5,,0,14,False,17,0.209771066904068,629,17.721137709999766,True
intelif-qwen3-4b/decision,intelif-qwen3-4b@v0.1,1000,28,........../........../........../........../........../........../........../........../........../........../........../........../........../........../........../##..#####./######..##/#########./#########./#########.,Z,Z,"[0, 1, 2, 3, 4, 5, 6, 7, 10, 11, 12, 13, 14, 15, 16, 17, 18]",1,1,,0,14,False,17,0.3552553355693817,653,18.39804648800009,True
intelif-qwen3-4b/decision,intelif-qwen3-4b@v0.1,1000,29,........../........../........../........../........../........../........../........../........../........../........../........../........../........../.##......./#########./######..##/#########./#########./#########.,Z,O,"[0, 1, 2, 3, 4, 5, 6, 7, 10, 11, 12, 13, 14, 15, 16, 17, 18]",3,3,,0,14,False,17,0.14993683993816376,655,19.601426510000238,True
intelif-qwen3-4b/decision,intelif-qwen3-4b@v0.1,1000,30,........../........../........../........../........../........../........../........../........../........../........../........../........../...##...../.##.##..../#########./######..##/#########./#########./#########.,O,J,"[0, 1, 2, 3, 4, 5, 6, 7, 8]",6,6,,0,14,False,9,0.2013043463230133,393,12.688070655000047,True
intelif-qwen3-4b/decision,intelif-qwen3-4b@v0.1,1000,31,........../........../........../........../........../........../........../........../........../........../........../........../........../...##.##../.##.####../#########./######..##/#########./#########./#########.,J,O,"[0, 1, 2, 3, 4, 5, 6, 7, 10, 11, 12, 13, 14, 15, 16, 17, 18, 20, 21, 22, 23, 24, 25, 26, 27, 30, 31, 32, 33, 34, 35, 36, 37, 38]",23,23,,0,14,False,34,0.22152964770793915,1192,31.521437560000322,True
intelif-qwen3-4b/decision,intelif-qwen3-4b@v0.1,1000,32,........../........../........../........../........../........../........../........../........../........../........../........../...###..../...#####../.##.####../#########./######..##/#########./#########./#########.,O,Z,"[0, 1, 2, 3, 4, 5, 6, 7, 8]",1,1,,0,14,False,9,0.5451493859291077,391,12.701982269999917,True
intelif-qwen3-4b/decision,intelif-qwen3-4b@v0.1,1000,33,........../........../........../........../........../........../........../........../........../........../........../........../.#####..../.#######../.##.####../#########./######..##/#########./#########./#########.,Z,Z,"[0, 1, 2, 3, 4, 5, 6, 7, 10, 11, 12, 13, 14, 15, 16, 17, 18]",7,7,,0,14,False,17,0.15301692485809326,653,18.71377802799998,True
intelif-qwen3-4b/decision,intelif-qwen3-4b@v0.1,1000,34,........../........../........../........../........../........../........../........../........../........../........../........../.#####.##./.#########/.##.####../#########./######..##/#########./#########./#########.,Z,O,"[0, 1, 2, 3, 4, 5, 6, 7, 10, 11, 12, 13, 14, 15, 16, 17, 18]",10,10,,0,14,False,17,0.13553224503993988,660,19.24368797599982,True
intelif-qwen3-4b/decision,intelif-qwen3-4b@v0.1,1000,35,........../........../........../........../........../........../........../........../........../........../.#......../##......../######.##./.#########/.##.####../#########./######..##/#########./#########./#########.,O,Z,"[0, 1, 2, 3, 4, 5, 6, 7, 8]",2,2,,0,14,False,9,0.7244449853897095,386,13.453174149999995,True
intelif-qwen3-4b/decision,intelif-qwen3-4b@v0.1,1000,36,........../........../........../........../........../........../........../........../........../........../.###....../####....../######.##./.#########/.##.####../#########./######..##/#########./#########./#########.,Z,J,"[0, 1, 2, 3, 4, 5, 6, 7, 10, 11, 12, 13, 14, 15, 16, 17, 18]",4,4,,0,14,False,17,0.37031400203704834,651,18.64795108699991,True
intelif-qwen3-4b/decision,intelif-qwen3-4b@v0.1,1000,37,........../........../........../........../........../........../........../........../........../........../.#####..../####.##.../######.##./.#########/.##.####../#########./######..##/#########./#########./#########.,J,I,"[0, 1, 2, 3, 4, 5, 6, 7, 10, 11, 12, 13, 14, 15, 16, 17, 18, 20, 21, 22, 23, 24, 25, 26, 27, 30, 31, 32, 33, 34, 35, 36, 37, 38]",7,7,,0,14,False,34,0.15650367736816406,1182,31.736047277000125,True
intelif-qwen3-4b/decision,intelif-qwen3-4b@v0.1,1000,38,........../........../........../........../........../........../........../........../........../........../.#####.#../####.#####/######.##./.#########/.##.####../#########./######..##/#########./#########./#########.,I,T,"[0, 1, 2, 3, 4, 5, 6, 10, 11, 12, 13, 14, 15, 16, 17, 18, 19]",0,0,,0,14,False,17,0.1651327759027481,638,17.945026538000093,True
intelif-qwen3-4b/decision,intelif-qwen3-4b@v0.1,1000,39,........../........../........../........../........../........../........../........../........../####....../.#####.#../####.#####/######.##./.#########/.##.####../#########./######..##/#########./#########./#########.,T,T,"[0, 1, 2, 3, 4, 5, 6, 7, 10, 11, 12, 13, 14, 15, 16, 17, 18, 20, 21, 22, 23, 24, 25, 26, 27, 30, 31, 32, 33, 34, 35, 36, 37, 38]",25,25,,0,14,False,34,0.26498281955718994,1190,32.14767408699936,True
intelif-qwen3-4b/decision,intelif-qwen3-4b@v0.1,1000,40,........../........../........../........../........../........../........../........../........../####.###../.#######../####.#####/######.##./.#########/.##.####../#########./######..##/#########./#########./#########.,T,S,"[0, 1, 2, 3, 4, 5, 6, 7, 10, 11, 12, 13, 14, 15, 16, 17, 18, 20, 21, 22, 23, 24, 25, 26, 27, 30, 31, 32, 33, 34, 35, 36, 37, 38]",23,23,,0,14,False,34,0.1421681046485901,1196,32.217482764000124,True
intelif-qwen3-4b/decision,intelif-qwen3-4b@v0.1,1000,41,........../........../........../........../........../........../........../........../...###..../########../.#######../####.#####/######.##./.#########/.##.####../#########./######..##/#########./#########./#########.,S,O,"[0, 1, 2, 3, 4, 5, 6, 7, 10, 11, 12, 13, 14, 15, 16, 17, 18]",18,18,,1,16,False,17,0.21211189031600952,660,19.348204355000235,True
intelif-qwen3-4b/decision,intelif-qwen3-4b@v0.1,1000,42,........../........../........../........../........../........../........../........../........../...###..#./.#######.#/####.#####/######.##./.#########/.##.####../#########./######..##/#########./#########./#########.,O,Z,"[0, 1, 2, 3, 4, 5, 6, 7, 8]",6,6,,0,16,False,9,0.37214741110801697,405,13.784736325999802,True
intelif-qwen3-4b/decision,intelif-qwen3-4b@v0.1,1000,43,........../........../........../........../........../........../........../........../......##../...######./.#######.#/####.#####/######.##./.#########/.##.####../#########./######..##/#########./#########./#########.,Z,T,"[0, 1, 2, 3, 4, 5, 6, 7, 10, 11, 12, 13, 14, 15, 16, 17, 18]",0,0,,0,16,False,17,0.16143663227558136,656,18.91256021800018,True
intelif-qwen3-4b/decision,intelif-qwen3-4b@v0.1,1000,44,........../........../........../........../........../........../........../........../##....##../.########./.#######.#/####.#####/######.##./.#########/.##.####../#########./######..##/#########./#########./#########.,T,T,"[0, 1, 2, 3, 4, 5, 6, 7, 10, 11, 12, 13, 14, 15, 16, 17, 18, 20, 21, 22, 23, 24, 25, 26, 27, 30, 31, 32, 33, 34, 35, 36, 37, 38]",3,3,,0,16,False,34,0.14146097004413605,1200,32.62473972600037,True
intelif-qwen3-4b/decision,intelif-qwen3-4b@v0.1,1000,45,........../........../........../........../........../........../........../....#...../##.#####../.########./.#######.#/####.#####/######.##./.#########/.##.####../#########./######..##/#########./#########./#########.,T,J,"[0, 1, 2, 3, 4, 5, 6, 7, 10, 11, 12, 13, 14, 15, 16, 17, 18, 20, 21, 22, 23, 24, 25, 26, 27, 30, 31, 32, 33, 34, 35, 36, 37, 38]",21,21,,0,16,False,34,0.26920053362846375,1187,32.07920806900074,True
intelif-qwen3-4b/decision,intelif-qwen3-4b@v0.1,1000,46,........../........../........../........../........../........../........../.####...../########../.########./.#######.#/####.#####/######.##./.#########/.##.####../#########./######..##/#########./#########./#########.,J,S,"[0, 1, 2, 3, 4, 5, 6, 7, 10, 11, 12, 13, 14, 15, 16, 17, 18, 20, 21, 22, 23, 24, 25, 26, 27, 30, 31, 32, 33, 34, 35, 36, 37, 38]",38,38,,1,18,False,34,0.1518862396478653,1185,31.510823328999322,True
intelif-qwen3-4b/decision,intelif-qwen3-4b@v0.1,1000,47,........../........../........../........../........../........../........../.........#/.####....#/.########./.#######.#/####.#####/######.##./.#########/.##.####../#########./######..##/#########./#########./#########.,S,J,"[0, 1, 2, 3, 4, 5, 6, 7, 10, 11, 12, 13, 14, 15, 16, 17, 18]",6,6,,0,18,False,17,0.2344033569097519,661,19.0453809010005,True
intelif-qwen3-4b/decision,intelif-qwen3-4b@v0.1,1000,48,........../........../........../........../........../........../........../.......###/.####.##.#/.########./.#######.#/####.#####/######.##./.#########/.##.####../#########./######..##/#########./#########./#########.,J,Z,"[0, 1, 2, 3, 4, 5, 6, 7, 10, 11, 12, 13, 14, 15, 16, 17, 18, 20, 21, 22, 23, 24, 25, 26, 27, 30, 31, 32, 33, 34, 35, 36, 37, 38]",23,23,,0,18,False,34,0.21106122434139252,1188,31.766933136999796,True
intelif-qwen3-4b/decision,intelif-qwen3-4b@v0.1,1000,49,........../........../........../........../........../........../........../...###.###/.#######.#/.########./.#######.#/####.#####/######.##./.#########/.##.####../#########./######..##/#########./#########./#########.,Z,Z,"[0, 1, 2, 3, 4, 5, 6, 7, 10, 11, 12, 13, 14, 15, 16, 17, 18]",3,3,,0,18,False,17,0.13264229893684387,667,19.46820193900021,True
intelif-qwen3-4b/decision,intelif-qwen3-4b@v0.1,1000,50,........../........../........../........../........../...##...../....##..../...###.###/.#######.#/.########./.#######.#/####.#####/######.##./.#########/.##.####../#########./######..##/#########./#########./#########.,Z,I,"[0, 1, 2, 3, 4, 5, 6, 7, 10, 11, 12, 13, 14, 15, 16, 17, 18]",16,16,,0,18,False,17,0.20881040394306183,654,18.072586888999467,True
intelif-qwen3-4b/decision,intelif-qwen3-4b@v0.1,1000,51,........../........../........../........../........../...##..#../....####../...#######/.#######.#/.########./.#######.#/####.#####/######.##./.#########/.##.####../#########./######..##/#########./#########./#########.,I,L,"[0, 1, 2, 3, 4, 5, 6, 10, 11, 12, 13, 14, 15, 16, 17, 18, 19]",10,10,,0,18,False,17,0.3546867370605469,648,17.839347310999983,True
intelif-qwen3-4b/decision,intelif-qwen3-4b@v0.1,1000,52,........../........../........../........../........../...##..#../....####../#..#######/########.#/#########./########.#/####.#####/######.##./.#########/.##.####../#########./######..##/#########./#########./#########.,L,J,"[0, 1, 2, 3, 4, 5, 6, 7, 10, 11, 12, 13, 14, 15, 16, 17, 18, 20, 21, 22, 23, 24, 25, 26, 27, 30, 31, 32, 33, 34, 35, 36, 37, 38]",11,11,,1,20,False,34,0.18622426688671112,1191,31.006930632999683,True
intelif-qwen3-4b/decision,intelif-qwen3-4b@v0.1,1000,53,........../........../........../........../........../........../.#.##..#../.#..####../########.#/#########./########.#/####.#####/######.##./.#########/.##.####../#########./######..##/#########./#########./#########.,J,L,"[0, 1, 2, 3, 4, 5, 6, 7, 10, 11, 12, 13, 14, 15, 16, 17, 18, 20, 21, 22, 23, 24, 25, 26, 27, 30, 31, 32, 33, 34, 35, 36, 37, 38]",18,18,,1,22,False,34,0.2593958079814911,1193,31.303094373999556,True
intelif-qwen3-4b/decision,intelif-qwen3-4b@v0.1,1000,54,........../........../........../........../........../........../........../.#.##..###/.#..#####./#########./########.#/####.#####/######.##./.#########/.##.####../#########./######..##/#########./#########./#########.,L,I,"[0, 1, 2, 3, 4, 5, 6, 7, 10, 11, 12, 13, 14, 15, 16, 17, 18, 20, 21, 22, 23, 24, 25, 26, 27, 30, 31, 32, 33, 34, 35, 36, 37, 38]",3,3,,0,22,False,34,0.10494302213191986,1195,32.08209839199935,True
intelif-qwen3-4b/decision,intelif-qwen3-4b@v0.1,1000,55,........../........../........../........../........../.....#..../...###..../.#.##..###/.#..#####./#########./########.#/####.#####/######.##./.#########/.##.####../#########./######..##/#########./#########./#########.,I,I,"[0, 1, 2, 3, 4, 5, 6, 10, 11, 12, 13, 14, 15, 16, 17, 18, 19]",12,12,,0,22,False,17,0.20245641469955444,637,18.15577871700043,True
intelif-qwen3-4b/decision,intelif-qwen3-4b@v0.1,1000,56,........../........../........../........../........../..#..#..../..####..../.####..###/.##.#####./#########./########.#/####.#####/######.##./.#########/.##.####../#########./######..##/#########./#########./#########.,I,L,"[0, 1, 2, 3, 4, 5, 6, 10, 11, 12, 13, 14, 15, 16, 17, 18, 19]",10,10,,0,22,False,17,0.23794963955879211,646,18.174024491000637,True
intelif-qwen3-4b/decision,intelif-qwen3-4b@v0.1,1000,57,........../........../........../........../........../#.#..#..../#.####..../#####..###/###.#####./#########./########.#/####.#####/######.##./.#########/.##.####../#########./######..##/#########./#########./#########.,L,T,"[0, 1, 2, 3, 4, 5, 6, 7, 10, 11, 12, 13, 14, 15, 16, 17, 18, 20, 21, 22, 23, 24, 25, 26, 27, 30, 31, 32, 33, 34, 35, 36, 37, 38]",6,6,,0,22,False,34,0.23450477421283722,1188,31.37555774700013,True
intelif-qwen3-4b/decision,intelif-qwen3-4b@v0.1,1000,58,........../........../........../........../........../#.#..#..#./#.#######./#####..###/###.#####./#########./########.#/####.#####/######.##./.#########/.##.####../#########./######..##/#########./#########./#########.,T,I,"[0, 1, 2, 3, 4, 5, 6, 7, 10, 11, 12, 13, 14, 15, 16, 17, 18, 20, 21, 22, 23, 24, 25, 26, 27, 30, 31, 32, 33, 34, 35, 36, 37, 38]",11,11,,0,22,False,34,0.11546719819307327,1200,31.47790592199999,True
intelif-qwen3-4b/decision,intelif-qwen3-4b@v0.1,1000,59,........../........../........../.#......../.##......./###..#..#./#.#######./#####..###/###.#####./#########./########.#/####.#####/######.##./.#########/.##.####../#########./######..##/#########./#########./#########.,I,Z,"[0, 1, 2, 3, 4, 5, 6, 10, 12, 13, 14, 15, 16, 17, 18, 19]",3,3,,0,22,False,16,0.15546824038028717,608,19.119535382999857,True
intelif-qwen3-4b/decision,intelif-qwen3-4b@v0.1,1000,60,........../........../........../.#......../.######.../###..#..#./#.#######./#####..###/###.#####./#########./########.#/####.#####/######.##./.#########/.##.####../#########./######..##/#########./#########./#########.,Z,T,"[0, 1, 2, 3, 4, 5, 6, 7, 10, 11, 12, 13, 14, 15, 16, 17, 18]",6,6,,0,22,False,17,0.26253291964530945,664,18.86157688900039,True
intelif-qwen3-4b/decision,intelif-qwen3-4b@v0.1,1000,61,........../........../........../.#....##../.########./###..#..#./#.#######./#####..###/###.#####./#########./########.#/####.#####/######.##./.#########/.##.####../#########./######..##/#########./#########./#########.,T,L,"[0, 1, 2, 3, 4, 5, 6, 7, 10, 11, 12, 13, 14, 15, 16, 17, 18, 20, 21, 22, 23, 24, 25, 26, 27, 30, 31, 32, 33, 34, 35, 36, 37, 38]",3,3,,0,22,False,34,0.14586566388607025,1207,31.596939865999957,True
intelif-qwen3-4b/decision,intelif-qwen3-4b@v0.1,1000,62,........../........../....#...../.#.#####../.########./###..#..#./#.#######./#####..###/###.#####./#########./########.#/####.#####/######.##./.#########/.##.####../#########./######..##/#########./#########./#########.,L,L,"[0, 1, 2, 3, 4, 5, 6, 7, 10, 11, 12, 15, 16, 17, 18, 20, 21, 22, 23, 24, 25, 26, 27, 30, 31, 32, 34, 35, 36, 37, 38]",1,1,,0,22,False,31,0.1614721566438675,1110,29.54121454699998,True
intelif-qwen3-4b/decision,intelif-qwen3-4b@v0.1,1000,63,........../...#....../.####...../.#.#####../.########./###..#..#./#.#######./#####..###/###.#####./#########./########.#/####.#####/######.##./.#########/.##.####../#########./######..##/#########./#########./#########.,L,S,"[0, 4, 5, 6, 7, 15, 16, 17, 18, 20, 21, 22, 24, 25, 26, 27, 34, 35, 36, 37, 38]",5,5,,0,22,False,21,0.16467273235321045,779,21.181542794000052,True
intelif-qwen3-4b/decision,intelif-qwen3-4b@v0.1,1000,64,........../...#...#../.#######../.#.#####../.########./###..#..#./#.#######./#####..###/###.#####./#########./########.#/####.#####/######.##./.#########/.##.####../#########./######..##/#########./#########./#########.,S,T,"[0, 1, 4, 5, 18]",4,4,,0,22,True,5,0.29222023487091064,290,11.130258175999188,True
