policy,episode_seed,max_pieces,score,lines_cleared,pieces_placed,topped_out
random,1000,100,0.0,0,19,True
beam,1000,100,85.0,38,100,False
random,1001,100,0.0,0,25,True
beam,1001,100,82.0,33,100,False
random,1002,100,0.0,0,22,True
beam,1002,100,85.0,39,100,False
random,1003,100,0.0,0,21,True
beam,1003,100,72.0,26,100,False
random,5100,100,0.0,0,22,True
beam,5100,100,87.0,36,100,False
random,5101,100,0.0,0,20,True
beam,5101,100,53.0,21,91,True
random,5102,100,0.0,0,20,True
beam,5102,100,101.0,35,100,False
random,5103,100,0.0,0,22,True
beam,5103,100,106.0,37,100,False
random,5104,100,0.0,0,18,True
beam,5104,100,79.0,34,100,False
random,5105,100,0.0,0,18,True
beam,5105,100,100.0,38,100,False
random,5106,100,0.0,0,20,True
beam,5106,100,10.0,5,51,True
random,5107,100,0.0,0,14,True
beam,5107,100,73.0,29,100,False
random,5108,100,0.0,0,21,True
beam,5108,100,86.0,36,100,False
random,5000,100,0.0,0,19,True
beam,5000,100,86.0,32,100,False
random,5001,100,0.0,0,20,True
beam,5001,100,81.0,14,75,True
random,5002,100,0.0,0,23,True
beam,5002,100,76.0,35,100,False
random,5003,100,0.0,0,18,True
beam,5003,100,200.0,36,100,False
random,5004,100,0.0,0,21,True
beam,5004,100,87.0,35,100,False
random,5005,100,0.0,0,18,True
beam,5005,100,97.0,37,100,False
random,5006,100,0.0,0,15,True
beam,5006,100,85.0,35,100,False
random,5007,100,0.0,0,23,True
beam,5007,100,79.0,37,100,False
random,5008,100,0.0,0,17,True
beam,5008,100,103.0,39,100,False
random,5009,100,0.0,0,23,True
beam,5009,100,87.0,32,100,False
