episode_seed,turn,options,input_tokens,latency_s,in_game_latency_s,same_choice
1000,0,34,1179,31.897884478999913,32.233769046999896,True
1000,3,34,1165,31.92652687300142,31.541054568000163,True
1000,7,17,624,18.287374704001195,17.18795488700016,True
1000,8,9,387,12.543343748000552,12.529300326000339,True
1000,16,34,1175,32.3948990630015,30.649318138000126,True
1000,38,17,638,19.73749611399944,17.945026538000093,True
1000,57,34,1188,32.0858656190012,31.37555774700013,True
1000,63,21,779,21.904298580000614,21.181542794000052,True
1001,0,34,1179,32.51236799700018,35.05145721600002,True
1001,27,9,400,14.072520703999544,13.686785195999619,True
1001,43,17,672,19.345009321999896,47.93212610299997,True
1001,46,34,1196,32.759489329000644,38.78133016600077,True
1001,58,34,1206,32.84977350100053,36.24036005900052,True
1001,62,34,1217,32.612025842998264,36.86729338300029,True
1001,65,34,1203,32.718062969999664,37.531034285000715,True
1001,69,29,1029,28.14834122100001,33.016783281000244,True
1001,70,27,969,26.2316994720004,31.08862817500085,True
1002,3,34,1176,31.191127841999332,36.374840582000616,True
1002,16,17,630,18.13687562299856,21.562327364999874,True
1002,25,17,657,18.57514583000011,23.046363239998755,True
1002,35,17,671,19.572072462000506,21.3474832539996,True
1002,39,34,1203,32.571878392000144,33.18957003499963,True
1002,43,17,667,19.105986771999596,18.582329165001283,True
1002,49,34,1206,33.10036089299865,32.39617600800011,True
1002,62,17,674,19.913929461999942,43.48797435399865,True
1002,75,17,654,18.827117462000388,43.73599493199981,True
1002,78,17,651,18.696734395998647,43.20060584000021,True
1002,79,9,420,13.795399361000818,37.63696906400037,True
1002,86,34,1202,32.974283868001294,63.14084820400058,True
1002,95,26,961,26.86639493599978,57.45819999500054,True
