comparison,model,treatment,control,metric,point,ci95_lo,ci95_hi,n_blocks,n_requests,boot_defined_frac,per_block
h1,deepseek-ai/DeepSeek-V4-Flash,fifo,short_only,short_p95_ttva_rel,inf,7.716356152172201,inf,4,173,0.9975,"[inf, inf, 14.6489, inf]"
h1,deepseek-ai/DeepSeek-V4-Flash,fifo,short_only,short_p95_ttva_diff_s,inf,23.856886837000335,inf,4,173,0.9975,"[inf, inf, 27.3719, inf]"
h1,deepseek-ai/DeepSeek-V4-Flash,fifo,short_only,short_p50_ttva_diff_s,8.525932484000009,3.4298263000001548,26.760710798000055,4,173,1.0,"[3.3962, 31.4915, 12.767, 5.5811]"
h1,deepseek-ai/DeepSeek-V4-Flash,fifo,short_only,short_useful_rate_diff,-0.722543352601156,-0.8869047619047619,-0.5384615384615385,4,173,1.0,"[-0.66, -0.8222, -0.9268, -0.4595]"
h1,deepseek-ai/DeepSeek-V4-Flash,fifo,short_only,ping_p95_diff_s,0.15614098400010334,0.05081256400035272,0.32121475699977964,4,80,1.0,"[0.0154, 0.3212, 0.2914, 0.0862]"
h1,deepseek-ai/DeepSeek-V4-Flash,fifo,short_only,x_short_p95_ttva_valid_only_rel,10.801656141838171,2.8107735708581187,13.496973810817376,4,173,1.0,"[1.3921, 10.7043, 14.5065, 4.3748]"
h1,deepseek-ai/DeepSeek-V4-Flash,fifo,short_only,x_short_invalid_rate_diff,0.05780346820809248,0.01282051282051282,0.10497237569060773,4,173,1.0,"[0.06, 0.0889, 0.0488, 0.027]"
h1,google/gemma-4-31B-it,fifo,short_only,short_p95_ttva_rel,15.773615418895506,7.256305583069837,18.662702317532077,4,173,1.0,"[4.391, 18.6471, 12.953, 9.5402]"
h1,google/gemma-4-31B-it,fifo,short_only,short_p95_ttva_diff_s,14.50657296100012,6.328072493000165,17.51518465300025,4,173,1.0,"[3.8095, 17.5144, 11.2961, 8.3243]"
h1,google/gemma-4-31B-it,fifo,short_only,short_p50_ttva_diff_s,2.7824516290000307,0.1357731949996701,11.187497359000176,4,173,1.0,"[0.107, 11.687, 3.7869, 2.2511]"
h1,google/gemma-4-31B-it,fifo,short_only,short_useful_rate_diff,-0.6127167630057804,-0.872093023255814,-0.33507853403141363,4,173,1.0,"[-0.24, -0.9333, -0.7561, -0.5676]"
h1,google/gemma-4-31B-it,fifo,short_only,ping_p95_diff_s,0.2104518480000479,0.032631385999593476,0.2698197380000238,4,80,1.0,"[0.0573, 0.2427, 0.0756, 0.2485]"
h1,google/gemma-4-31B-it,fifo,short_only,x_short_p95_ttva_valid_only_rel,15.773615418895506,7.256305583069837,18.662702317532077,4,173,1.0,"[4.391, 18.6471, 12.953, 9.5402]"
h1,google/gemma-4-31B-it,fifo,short_only,x_short_invalid_rate_diff,0.0,0.0,0.0,4,173,1.0,"[0.0, 0.0, 0.0, 0.0]"
h2,deepseek-ai/DeepSeek-V4-Flash,defer_long,fifo,short_p95_ttva_rel,,-1.0,inf,4,173,0.4585,"[-1.0, nan, inf, -1.0]"
h2,deepseek-ai/DeepSeek-V4-Flash,defer_long,fifo,short_p95_ttva_diff_s,,-inf,inf,4,173,0.4585,"[-inf, nan, inf, -inf]"
h2,deepseek-ai/DeepSeek-V4-Flash,defer_long,fifo,short_p50_ttva_diff_s,-4.958759651999776,-21.92604877100023,-0.6813944960001272,4,173,1.0,"[-0.8889, -26.4473, -8.0394, -3.8629]"
h2,deepseek-ai/DeepSeek-V4-Flash,defer_long,fifo,short_useful_rate_diff,0.15606936416184972,0.06707317073170734,0.25263157894736843,4,173,1.0,"[0.24, 0.1333, 0.0488, 0.1892]"
h2,deepseek-ai/DeepSeek-V4-Flash,defer_long,fifo,useful_rate_rel,0.964285714285714,0.4166666666666665,2.7777777777777772,4,204,1.0,"[1.0909, 6.0, 0.6667, 0.5385]"
h2,deepseek-ai/DeepSeek-V4-Flash,defer_long,fifo,long_p50_ttva_diff_s,-2.975097502999688,-6.395752677999798,7.3705355200004306,4,31,1.0,"[4.2061, 4.8923, 1.994, 1.6358]"
h2,deepseek-ai/DeepSeek-V4-Flash,defer_long,fifo,legal_rate_diff,0.0,0.0,0.0,4,204,1.0,"[0.0, 0.0, 0.0, 0.0]"
h2,deepseek-ai/DeepSeek-V4-Flash,defer_long,fifo,regret_diff,0.5856862745098015,-2.2126020408163276,2.7331818181818157,4,204,1.0,"[1.8236, 1.7974, 0.4551, -2.3914]"
h2,deepseek-ai/DeepSeek-V4-Flash,defer_long,fifo,ping_p95_diff_s,-0.16515959699972882,-0.31424770600006013,-0.021592870999938896,4,80,1.0,"[-0.0059, -0.1643, -0.2401, -0.1394]"
h2,deepseek-ai/DeepSeek-V4-Flash,defer_long,fifo,x_short_p95_ttva_valid_only_rel,-0.7417471535423272,-0.766811136935087,-0.3142712112569045,4,173,1.0,"[0.0068, -0.7141, -0.6215, -0.46]"
h2,deepseek-ai/DeepSeek-V4-Flash,defer_long,fifo,x_short_invalid_rate_diff,-0.005780346820809246,-0.07303370786516854,0.06707317073170732,4,173,1.0,"[-0.02, -0.0444, 0.0732, -0.027]"
h2,google/gemma-4-31B-it,defer_long,fifo,short_p95_ttva_rel,-0.6939800310572837,-0.7388405198342212,-0.4085969774580347,4,173,1.0,"[-0.094, -0.7354, -0.6479, -0.568]"
h2,google/gemma-4-31B-it,defer_long,fifo,short_p95_ttva_diff_s,-10.705506860000149,-13.634339405000102,-2.9629536649998807,4,173,1.0,"[-0.4399, -13.5715, -7.8841, -5.2239]"
h2,google/gemma-4-31B-it,defer_long,fifo,short_p50_ttva_diff_s,-2.3038695150000965,-8.93010224599995,-6.445100004004445e-05,4,173,1.0,"[0.015, -9.0017, -2.2403, -2.1643]"
h2,google/gemma-4-31B-it,defer_long,fifo,short_useful_rate_diff,0.24277456647398843,0.10769230769230775,0.38414634146341464,4,173,1.0,"[0.06, 0.3111, 0.2927, 0.3514]"
h2,google/gemma-4-31B-it,defer_long,fifo,useful_rate_rel,0.6268656716417911,0.17460317460317465,2.576923076923077,4,204,1.0,"[0.0789, 4.6667, 1.2, 0.8125]"
h2,google/gemma-4-31B-it,defer_long,fifo,long_p50_ttva_diff_s,-1.6410848049997817,-3.922416480999555,4.937785663000003,4,31,1.0,"[0.0828, 4.9378, -1.9354, 0.6723]"
h2,google/gemma-4-31B-it,defer_long,fifo,legal_rate_diff,0.0,0.0,0.0,4,204,1.0,"[0.0, 0.0, 0.0, 0.0]"
h2,google/gemma-4-31B-it,defer_long,fifo,regret_diff,-0.04387254901960702,-0.24990000000000023,0.15101063829787176,4,204,1.0,"[0.0564, -0.2582, 0.169, -0.1358]"
h2,google/gemma-4-31B-it,defer_long,fifo,ping_p95_diff_s,-0.19497141500005455,-0.26308145399980276,-0.011908588999858694,4,80,1.0,"[-0.0395, -0.2621, -0.0279, -0.2557]"
h2,google/gemma-4-31B-it,defer_long,fifo,x_short_p95_ttva_valid_only_rel,-0.6939800310572837,-0.7388405198342212,-0.4085969774580347,4,173,1.0,"[-0.094, -0.7354, -0.6479, -0.568]"
h2,google/gemma-4-31B-it,defer_long,fifo,x_short_invalid_rate_diff,0.0,0.0,0.0,4,173,1.0,"[0.0, 0.0, 0.0, 0.0]"
b2,deepseek-ai/DeepSeek-V4-Flash,fifo_prio,fifo,short_p95_ttva_rel,,-1.0,inf,4,173,0.451,"[-1.0, nan, inf, -1.0]"
b2,deepseek-ai/DeepSeek-V4-Flash,fifo_prio,fifo,short_p95_ttva_diff_s,,-inf,inf,4,173,0.451,"[-inf, nan, inf, -inf]"
b2,deepseek-ai/DeepSeek-V4-Flash,fifo_prio,fifo,short_p50_ttva_diff_s,2.6554225839997656,-0.7969804389998991,5.415947087999786,4,173,1.0,"[1.1741, 0.0702, 2.5535, 1.3568]"
b2,deepseek-ai/DeepSeek-V4-Flash,fifo_prio,fifo,short_useful_rate_diff,0.06358381502890173,0.0,0.15934065934065933,4,173,1.0,"[0.16, 0.0, 0.0, 0.0811]"
b2,deepseek-ai/DeepSeek-V4-Flash,fifo_prio,fifo,useful_rate_rel,0.39285714285714257,0.0,1.0909090909090908,4,204,1.0,"[0.7273, 0.0, 0.0, 0.2308]"
b2,deepseek-ai/DeepSeek-V4-Flash,fifo_prio,fifo,long_p50_ttva_diff_s,2.067540279000241,-2.7218560980001563,5.614597789000289,4,31,1.0,"[5.2608, 1.4111, 2.5712, 1.6898]"
b2,deepseek-ai/DeepSeek-V4-Flash,fifo_prio,fifo,legal_rate_diff,0.0,0.0,0.0,4,204,1.0,"[0.0, 0.0, 0.0, 0.0]"
b2,deepseek-ai/DeepSeek-V4-Flash,fifo_prio,fifo,regret_diff,-0.22926470588235404,-0.5671428571428576,0.1045588235294117,4,204,1.0,"[-0.1921, -0.3937, 0.0567, -0.3963]"
b2,deepseek-ai/DeepSeek-V4-Flash,fifo_prio,fifo,ping_p95_diff_s,0.028654337000261876,-0.15349120300015784,0.12050996600009967,4,80,1.0,"[0.0806, -0.1521, -0.0555, 0.0681]"
b2,deepseek-ai/DeepSeek-V4-Flash,fifo_prio,fifo,x_short_p95_ttva_valid_only_rel,0.010188076749238162,-0.013485391832641747,0.5417635189508869,4,173,1.0,"[1.0021, -0.0106, 0.0952, 0.3034]"
b2,deepseek-ai/DeepSeek-V4-Flash,fifo_prio,fifo,x_short_invalid_rate_diff,-0.011560693641618491,-0.06043956043956045,0.03468208092485549,4,173,1.0,"[-0.02, -0.0222, 0.0244, -0.027]"
b2,google/gemma-4-31B-it,fifo_prio,fifo,short_p95_ttva_rel,-0.014628836021872704,-0.10842120548912126,0.07436262943056127,4,173,1.0,"[0.0054, -0.0644, 0.0085, 0.0345]"
b2,google/gemma-4-31B-it,fifo_prio,fifo,short_p95_ttva_diff_s,-0.22566802699982702,-1.8793261270000094,1.1111200370000915,4,173,1.0,"[0.0252, -1.1879, 0.1033, 0.3174]"
b2,google/gemma-4-31B-it,fifo_prio,fifo,short_p50_ttva_diff_s,0.14383934599996984,-0.4011051829996717,0.31739891500046724,4,173,1.0,"[0.0076, -0.146, -0.0501, -0.0142]"
b2,google/gemma-4-31B-it,fifo_prio,fifo,short_useful_rate_diff,-0.005780346820809246,-0.024390243902439046,0.0,4,173,1.0,"[0.0, 0.0, -0.0244, 0.0]"
b2,google/gemma-4-31B-it,fifo_prio,fifo,useful_rate_rel,-0.01492537313432829,-0.09677419354838701,0.0,4,204,1.0,"[0.0, 0.0, -0.1, 0.0]"
b2,google/gemma-4-31B-it,fifo_prio,fifo,long_p50_ttva_diff_s,0.023462198999986583,-0.6006581559998203,0.3166873189998114,4,31,1.0,"[-0.0197, -1.1352, 0.0763, -0.0302]"
b2,google/gemma-4-31B-it,fifo_prio,fifo,legal_rate_diff,0.0,0.0,0.0,4,204,1.0,"[0.0, 0.0, 0.0, 0.0]"
b2,google/gemma-4-31B-it,fifo_prio,fifo,regret_diff,-0.007156862745097747,-0.18154205607476737,0.1519696969696973,4,204,1.0,"[0.1474, -0.2011, 0.0335, 0.0112]"
b2,google/gemma-4-31B-it,fifo_prio,fifo,ping_p95_diff_s,-0.15448388999993767,-0.23600546099987696,0.04656053899998369,4,80,1.0,"[-0.0667, -0.0625, -0.072, -0.1125]"
b2,google/gemma-4-31B-it,fifo_prio,fifo,x_short_p95_ttva_valid_only_rel,-0.014628836021872704,-0.10842120548912126,0.07436262943056127,4,173,1.0,"[0.0054, -0.0644, 0.0085, 0.0345]"
b2,google/gemma-4-31B-it,fifo_prio,fifo,x_short_invalid_rate_diff,0.0,0.0,0.0,4,173,1.0,"[0.0, 0.0, 0.0, 0.0]"
