model,gap_s,trial,tag,keepalive_s,pings,ping_cost_usd,prompt_warm,cached_warm,latency_warm,prompt_probe,cached_probe,latency_probe,vllm_cached_probe,lmcache_cached_probe,actual_gap_s,ok,error,cost_usd
deepseek-ai/DeepSeek-V4-Flash,60.0,0,keepalive4s,4,2,0.0038981600000000003,13920,0,3.700173741999606,14809,0,16.64501797400044,,,60.502174615859985,True,,0.007920780000000002
deepseek-ai/DeepSeek-V4-Flash,60.0,1,keepalive4s,4,2,0.0038990000000000006,13923,0,7.102235076999932,14812,0,23.228363963000447,,,63.24800205230713,True,,0.007922460000000003
deepseek-ai/DeepSeek-V4-Flash,60.0,2,keepalive4s,4,2,0.0038990000000000006,13923,0,10.059531309000704,14812,0,25.676582500999757,,,64.31463813781738,True,,0.007922460000000003
deepseek-ai/DeepSeek-V4-Flash,60.0,3,keepalive4s,4,2,0.00389928,13924,0,12.934687992999898,14813,0,30.26510824700017,,,83.45471262931824,True,,0.007923020000000001
deepseek-ai/DeepSeek-V4-Flash,60.0,4,keepalive4s,4,2,0.0038976,13918,0,15.890320079000048,14807,0,23.324984414000028,,,63.81952142715454,True,,0.007919660000000002
deepseek-ai/DeepSeek-V4-Flash,60.0,5,keepalive4s,4,2,0.0038984400000000004,13921,0,18.99939492500016,14810,0,23.529501077000532,,,63.710291385650635,True,,0.007921340000000002
deepseek-ai/DeepSeek-V4-Flash,60.0,6,keepalive4s,4,2,0.0038995600000000003,13925,0,22.281213852999826,14814,0,23.631880314999762,,,66.59873485565186,True,,0.007923580000000001
deepseek-ai/DeepSeek-V4-Flash,60.0,7,keepalive4s,4,2,0.0038995600000000003,13925,0,21.981424349000008,14814,0,30.302778899999794,,,80.19709920883179,True,,0.007923580000000001
deepseek-ai/DeepSeek-V4-Flash,60.0,0,silent,0,0,0.0,13919,0,24.962301347999528,14808,0,23.606318058000397,,,60.05918788909912,True,,0.004022340000000001
deepseek-ai/DeepSeek-V4-Flash,60.0,1,silent,0,0,0.0,13922,0,27.92264910999984,14811,0,26.88413735300037,,,60.05793571472168,True,,0.00402318
deepseek-ai/DeepSeek-V4-Flash,60.0,2,silent,0,0,0.0,13918,0,36.79765843200039,14807,0,31.196320110999295,,,60.05599308013916,True,,0.004022060000000001
deepseek-ai/DeepSeek-V4-Flash,60.0,3,silent,0,0,0.0,13920,0,30.554455470999528,14809,0,26.913137364999784,,,60.06781816482544,True,,0.004022620000000001
deepseek-ai/DeepSeek-V4-Flash,60.0,4,silent,0,0,0.0,13920,0,33.54784239700075,14809,0,26.886488746000396,,,60.07130265235901,True,,0.004022620000000001
deepseek-ai/DeepSeek-V4-Flash,60.0,5,silent,0,0,0.0,13923,0,36.76769913099997,14812,0,30.352462558000298,,,60.05558633804321,True,,0.004023460000000001
deepseek-ai/DeepSeek-V4-Flash,60.0,6,silent,0,0,0.0,13920,0,36.341679734000536,14809,0,30.36138617799952,,,60.06472420692444,True,,0.004022620000000001
deepseek-ai/DeepSeek-V4-Flash,60.0,7,silent,0,0,0.0,13922,0,22.360825535000004,14811,0,3.6941813039993576,,,60.05571985244751,True,,0.00402318
