run_name,episode,score,steps,mean_decision_ms,invalid_count,decision_count,invalid_rate,episode_seed,lines_cleared,masked_fraction,pieces_placed,regret
v1_mask_heur_K64_H8_after,1,16.0,50,2166.560138820014,0,50,0.0,0.0,8.0,0.4285664620535714,50.0,0.0
v1_mask_heur_K64_H8_after,2,36.0,50,2044.3849385200333,0,50,0.0,1.0,17.0,0.4324979073660714,50.0,0.0
v1_mask_heur_K64_H8_after,3,20.0,50,2287.06685971998,0,50,0.0,2.0,10.0,0.4169157552083334,50.0,0.0
v1_mask_heur_K64_H8_after,4,24.0,50,2543.382397140021,0,50,0.0,3.0,12.0,0.4257912109375001,50.0,0.0
v1_mask_heur_K64_H8_after,5,34.0,50,2562.2406692999903,0,50,0.0,4.0,17.0,0.40136328125,50.0,0.0
v1_mask_heur_K64_H8_after,6,18.0,50,1898.9801715399788,0,50,0.0,5.0,9.0,0.4216434058779763,50.0,0.0
v1_mask_heur_K64_H8_after,7,20.0,50,2050.820133679972,0,50,0.0,6.0,10.0,0.4220759114583333,50.0,0.0
v1_mask_heur_K64_H8_after,8,38.0,50,2031.7801224599768,0,50,0.0,7.0,17.0,0.4363011997767856,50.0,0.0
v1_mask_heur_K64_H8_after,9,9.0,32,1984.9801219999392,0,32,0.0,8.0,4.0,0.4468218412853422,32.0,0.0
v1_mask_heur_K64_H8_after,10,42.0,50,2162.881699440013,0,50,0.0,9.0,15.0,0.4280902622767856,50.0,0.0
v1_mask_heur_K64_H8_after,11,10.0,45,1956.934493266676,0,45,0.0,10.0,5.0,0.4338574632109789,45.0,0.0
v1_mask_heur_K64_H8_after,12,28.0,50,2131.120735879977,0,50,0.0,11.0,13.0,0.4296936383928571,50.0,0.0
v1_mask_heur_K64_H8_after,13,21.0,50,2046.530837399996,0,50,0.0,12.0,10.0,0.4264978515625,50.0,0.0
v1_mask_heur_K64_H8_after,14,25.0,50,1964.5056901000132,0,50,0.0,13.0,12.0,0.4033251488095238,50.0,0.0
v1_mask_heur_K64_H8_after,15,16.0,50,1923.947116599939,0,50,0.0,14.0,8.0,0.4227995070684524,50.0,0.0
v1_mask_heur_K64_H8_after,16,16.0,50,1984.5197988600196,0,50,0.0,15.0,8.0,0.4226810360863096,50.0,0.0
v1_mask_heur_K64_H8_after,17,24.0,50,2008.2186376399563,0,50,0.0,16.0,11.0,0.4173780784970238,50.0,0.0
v1_mask_heur_K64_H8_after,18,16.0,50,1935.9072163400197,0,50,0.0,17.0,8.0,0.4255651134672619,50.0,0.0
v1_mask_heur_K64_H8_after,19,12.0,36,2050.3012849166885,0,36,0.0,18.0,6.0,0.4098729952050264,36.0,0.0
v1_mask_heur_K64_H8_after,20,20.0,50,2054.13159593998,0,50,0.0,19.0,10.0,0.4277168619791667,50.0,0.0
v1_mask_heur_K64_H8_after,21,24.0,50,2070.3754309200667,0,50,0.0,20.0,11.0,0.4216943266369047,50.0,0.0
v1_mask_heur_K64_H8_after,22,27.0,50,1933.9462922199712,0,50,0.0,21.0,13.0,0.4285007440476191,50.0,0.0
v1_mask_heur_K64_H8_after,23,28.0,50,2032.335730359919,0,50,0.0,22.0,13.0,0.4199044828869047,50.0,0.0
v1_mask_heur_K64_H8_after,24,24.0,50,1887.0681248999429,0,50,0.0,23.0,11.0,0.4258693731398809,50.0,0.0
v1_mask_heur_K64_H8_after,25,11.0,45,1754.7608239999847,0,45,0.0,24.0,5.0,0.4364988012566138,45.0,0.0
v1_mask_heur_K64_H8_after,26,6.0,35,1784.722939628669,0,35,0.0,25.0,3.0,0.4149923867984694,35.0,0.0
v1_mask_heur_K64_H8_after,27,27.0,50,1911.196530339876,0,50,0.0,26.0,13.0,0.4166778738839286,50.0,0.0
v1_mask_heur_K64_H8_after,28,26.0,50,1801.3681450799595,0,50,0.0,27.0,13.0,0.417568359375,50.0,0.0
v1_mask_heur_K64_H8_after,29,28.0,50,1902.394737559916,0,50,0.0,28.0,13.0,0.4156038876488094,50.0,0.0
v1_mask_heur_K64_H8_after,30,24.0,50,2018.30931714012,0,50,0.0,29.0,11.0,0.426984337797619,50.0,0.0
v1_mask_heur_K64_H8_after,31,32.0,50,2044.4390604,0,50,0.0,30.0,15.0,0.4313489583333333,50.0,0.0
v1_mask_heur_K64_H8_after,32,20.0,50,2035.5873045000228,0,50,0.0,31.0,9.0,0.4368131975446429,50.0,0.0
v1_mask_heur_K64_H8_after,33,34.0,50,2165.966956660086,0,50,0.0,32.0,17.0,0.4250546875,50.0,0.0
v1_mask_heur_K64_H8_after,34,2.0,21,2108.3269515714032,0,21,0.0,33.0,1.0,0.4308508494543651,21.0,0.0
v1_mask_heur_K64_H8_after,35,29.0,50,2183.037400520043,0,50,0.0,34.0,14.0,0.4126601562499999,50.0,0.0
v1_mask_heur_K64_H8_after,36,30.0,50,2405.3158353399704,0,50,0.0,35.0,14.0,0.4166496186755952,50.0,0.0
v1_mask_heur_K64_H8_after,37,28.0,50,2185.9071970599693,0,50,0.0,36.0,14.0,0.4236279296874999,50.0,0.0
v1_mask_heur_K64_H8_after,38,28.0,50,2202.982503320164,0,50,0.0,37.0,13.0,0.4376525948660713,50.0,0.0
v1_mask_heur_K64_H8_after,39,33.0,50,2118.953405560078,0,50,0.0,38.0,15.0,0.4339013671874999,50.0,0.0
v1_mask_heur_K64_H8_after,40,14.0,50,1963.5635161400205,0,50,0.0,39.0,7.0,0.4389322916666666,50.0,0.0
v1_mask_heur_K64_H8_after,41,34.0,50,2105.483571140012,0,50,0.0,40.0,12.0,0.4151471168154761,50.0,0.0
v1_mask_heur_K64_H8_after,42,17.0,50,2045.3976126999985,0,50,0.0,41.0,8.0,0.4226098772321428,50.0,0.0
v1_mask_heur_K64_H8_after,43,16.0,50,2346.3607354599844,0,50,0.0,42.0,8.0,0.4329770461309524,50.0,0.0
v1_mask_heur_K64_H8_after,44,30.0,50,2233.872033460029,0,50,0.0,43.0,14.0,0.4293755580357142,50.0,0.0
v1_mask_heur_K64_H8_after,45,29.0,50,2052.5162876199283,0,50,0.0,44.0,14.0,0.4217993954613095,50.0,0.0
v1_mask_heur_K64_H8_after,46,26.0,50,1960.005879439996,0,50,0.0,45.0,13.0,0.4196907087053571,50.0,0.0
v1_mask_heur_K64_H8_after,47,21.0,50,1993.580432979997,0,50,0.0,46.0,10.0,0.4377583519345238,50.0,0.0
v1_mask_heur_K64_H8_after,48,37.0,50,1977.8656286999835,0,50,0.0,47.0,14.0,0.425806640625,50.0,0.0
v1_mask_heur_K64_H8_after,49,25.0,50,1985.450102879986,0,50,0.0,48.0,12.0,0.412093517485119,50.0,0.0
v1_mask_heur_K64_H8_after,50,12.0,46,1814.983659521718,0,46,0.0,49.0,6.0,0.4429448110766045,46.0,0.0
v1_mask_heur_K64_H8_after,51,28.0,50,1907.0498395799225,0,50,0.0,50.0,13.0,0.4122451729910714,50.0,0.0
v1_mask_heur_K64_H8_after,52,77.0,50,1946.848945100028,0,50,0.0,51.0,12.0,0.4151990792410714,50.0,0.0
v1_mask_heur_K64_H8_after,53,36.0,50,1921.83735292012,0,50,0.0,52.0,17.0,0.4336715959821428,50.0,0.0
v1_mask_heur_K64_H8_after,54,30.0,50,1937.082534619949,0,50,0.0,53.0,14.0,0.4179453125,50.0,0.0
v1_mask_heur_K64_H8_after,55,24.0,50,1948.3947219401125,0,50,0.0,54.0,11.0,0.4330858537946429,50.0,0.0
v1_mask_heur_K64_H8_after,56,28.0,50,1941.0464703800428,0,50,0.0,55.0,9.0,0.4359240792410714,50.0,0.0
v1_mask_heur_K64_H8_after,57,29.0,50,1902.3725692799967,0,50,0.0,56.0,14.0,0.4255615234374999,50.0,0.0
v1_mask_heur_K64_H8_after,58,6.0,38,1893.1043169737247,0,38,0.0,57.0,3.0,0.4392890062069235,38.0,0.0
v1_mask_heur_K64_H8_after,59,29.0,50,2091.3161607199618,0,50,0.0,58.0,14.0,0.4190132998511904,50.0,0.0
v1_mask_heur_K64_H8_after,60,32.0,50,2057.5026406200777,0,50,0.0,59.0,14.0,0.4282242373511905,50.0,0.0
v1_mask_heur_K64_H8_after,61,38.0,50,2088.132050819986,0,50,0.0,60.0,14.0,0.4121955543154761,50.0,0.0
v1_mask_heur_K64_H8_after,62,16.0,50,2048.602948300031,0,50,0.0,61.0,8.0,0.4199159877232143,50.0,0.0
v1_mask_heur_K64_H8_after,63,23.0,50,2078.95940557999,0,50,0.0,62.0,11.0,0.4232231584821428,50.0,0.0
v1_mask_heur_K64_H8_after,64,23.0,50,2022.365474119979,0,50,0.0,63.0,11.0,0.434631798735119,50.0,0.0
v1_mask_heur_K64_H8_after,65,30.0,50,2149.1254638800456,0,50,0.0,64.0,14.0,0.4237535807291667,50.0,0.0
v1_mask_heur_K64_H8_after,66,14.0,50,1967.270917559872,0,50,0.0,65.0,7.0,0.4300690290178571,50.0,0.0
v1_mask_heur_K64_H8_after,67,21.0,50,2104.9501807200795,0,50,0.0,66.0,10.0,0.425512146577381,50.0,0.0
v1_mask_heur_K64_H8_after,68,22.0,50,1988.1734794801375,0,50,0.0,67.0,10.0,0.4358900390624999,50.0,0.0
v1_mask_heur_K64_H8_after,69,14.0,46,1985.6951683045536,0,46,0.0,68.0,7.0,0.4370993566414338,46.0,0.0
v1_mask_heur_K64_H8_after,70,21.0,50,1987.07578872014,0,50,0.0,69.0,10.0,0.4240703311011905,50.0,0.0
v1_mask_heur_K64_H8_after,71,37.0,50,2109.1440355199666,0,50,0.0,70.0,17.0,0.4208046874999999,50.0,0.0
v1_mask_heur_K64_H8_after,72,23.0,50,1995.0838941398613,0,50,0.0,71.0,11.0,0.4112466145833333,50.0,0.0
v1_mask_heur_K64_H8_after,73,27.0,50,1963.7714823796705,0,50,0.0,72.0,12.0,0.4154243861607143,50.0,0.0
v1_mask_heur_K64_H8_after,74,33.0,50,2005.197006759954,0,50,0.0,73.0,16.0,0.4289609375000001,50.0,0.0
v1_mask_heur_K64_H8_after,75,19.0,50,2025.9067556999437,0,50,0.0,74.0,9.0,0.4185280784970238,50.0,0.0
v1_mask_heur_K64_H8_after,76,24.0,50,2053.945966360152,0,50,0.0,75.0,11.0,0.4291191964285714,50.0,0.0
v1_mask_heur_K64_H8_after,77,25.0,50,2018.2226874401024,0,50,0.0,76.0,12.0,0.4260404947916666,50.0,0.0
v1_mask_heur_K64_H8_after,78,22.0,50,2599.695599239967,0,50,0.0,77.0,11.0,0.4067485677083333,50.0,0.0
v1_mask_heur_K64_H8_after,79,6.0,36,2609.79668236122,0,36,0.0,78.0,3.0,0.4293001172908399,36.0,0.0
v1_mask_heur_K64_H8_after,80,22.0,50,2363.8883756799987,0,50,0.0,79.0,11.0,0.4357757068452381,50.0,0.0
v1_mask_heur_K64_H8_after,81,24.0,50,1936.6724405601417,0,50,0.0,80.0,11.0,0.4167474516369047,50.0,0.0
v1_mask_heur_K64_H8_after,82,26.0,50,1968.010538580129,0,50,0.0,81.0,12.0,0.4127884579613095,50.0,0.0
v1_mask_heur_K64_H8_after,83,25.0,50,2002.962868219911,0,50,0.0,82.0,12.0,0.4090623604910714,50.0,0.0
v1_mask_heur_K64_H8_after,84,17.0,50,1894.423317399851,0,50,0.0,83.0,8.0,0.4305018229166667,50.0,0.0
v1_mask_heur_K64_H8_after,85,2.0,24,1918.6385732085305,0,24,0.0,84.0,1.0,0.4198141237289186,24.0,0.0
v1_mask_heur_K64_H8_after,86,25.0,50,2037.6840724400245,0,50,0.0,85.0,12.0,0.4309500651041666,50.0,0.0
v1_mask_heur_K64_H8_after,87,31.0,50,2141.1338139999134,0,50,0.0,86.0,15.0,0.421712890625,50.0,0.0
v1_mask_heur_K64_H8_after,88,26.0,50,2158.148506539983,0,50,0.0,87.0,8.0,0.4310711588541667,50.0,0.0
v1_mask_heur_K64_H8_after,89,18.0,49,2067.64479151021,0,49,0.0,88.0,9.0,0.4203544760538144,49.0,0.0
v1_mask_heur_K64_H8_after,90,17.0,50,1999.0689736999773,0,50,0.0,89.0,8.0,0.4229486793154762,50.0,0.0
v1_mask_heur_K64_H8_after,91,29.0,50,2035.352119599884,0,50,0.0,90.0,14.0,0.4279969308035715,50.0,0.0
v1_mask_heur_K64_H8_after,92,4.0,37,1851.408497837789,0,37,0.0,91.0,2.0,0.445344008908462,37.0,0.0
v1_mask_heur_K64_H8_after,93,20.0,50,2021.45726851988,0,50,0.0,92.0,9.0,0.4270944661458333,50.0,0.0
v1_mask_heur_K64_H8_after,94,29.0,50,2009.9315100399328,0,50,0.0,93.0,14.0,0.4211171875,50.0,0.0
v1_mask_heur_K64_H8_after,95,35.0,50,2058.7382393601365,0,50,0.0,94.0,16.0,0.4199619140625,50.0,0.0
v1_mask_heur_K64_H8_after,96,33.0,50,2030.8661307201328,0,50,0.0,95.0,16.0,0.4215693359374999,50.0,0.0
v1_mask_heur_K64_H8_after,97,30.0,50,2058.488876799965,0,50,0.0,96.0,14.0,0.4143999255952381,50.0,0.0
v1_mask_heur_K64_H8_after,98,21.0,50,1955.943808200136,0,50,0.0,97.0,10.0,0.4160496186755952,50.0,0.0
v1_mask_heur_K64_H8_after,99,33.0,50,1965.575297659925,0,50,0.0,98.0,12.0,0.4180233909970238,50.0,0.0
v1_mask_heur_K64_H8_after,100,21.0,50,2009.121864960034,0,50,0.0,99.0,10.0,0.425516173735119,50.0,0.0
