run_name,episode,score,steps,mean_decision_ms,invalid_count,decision_count,invalid_rate,masked_fraction,regret
v1_mask_heur_K64_H8_before,1,21.0,50,2394.266643520032,0,50,0.0,0.4019748883928571,0.0
v1_mask_heur_K64_H8_before,2,41.0,50,2234.035849959937,0,50,0.0,0.4006156063988094,0.0
v1_mask_heur_K64_H8_before,3,28.0,50,2454.469380200053,0,50,0.0,0.4037667317708333,0.0
v1_mask_heur_K64_H8_before,4,27.0,50,3016.3166472799826,0,50,0.0,0.4007369512648809,0.0
v1_mask_heur_K64_H8_before,5,8.0,31,2578.2828448064247,0,31,0.0,0.4030592357910906,0.0
v1_mask_heur_K64_H8_before,6,24.0,50,2127.898185519971,0,50,0.0,0.4155222098214285,0.0
v1_mask_heur_K64_H8_before,7,28.0,50,2254.0530566599864,0,50,0.0,0.4387182384672619,0.0
v1_mask_heur_K64_H8_before,8,34.0,50,2242.930667060009,0,50,0.0,0.4382203031994048,0.0
v1_mask_heur_K64_H8_before,9,33.0,50,2339.0045935799844,0,50,0.0,0.4217461123511903,0.0
v1_mask_heur_K64_H8_before,10,24.0,50,2272.473755359979,0,50,0.0,0.3985723958333333,0.0
v1_mask_heur_K64_H8_before,11,27.0,50,2318.426432880005,0,50,0.0,0.4172591796875,0.0
v1_mask_heur_K64_H8_before,12,29.0,50,2219.771373579997,0,50,0.0,0.432784142485119,0.0
v1_mask_heur_K64_H8_before,13,20.0,50,2037.7701857200464,0,50,0.0,0.4488519438244047,0.0
v1_mask_heur_K64_H8_before,14,4.0,30,2249.864406800013,0,30,0.0,0.4176061197916667,0.0
v1_mask_heur_K64_H8_before,15,26.0,50,2215.040928760028,0,50,0.0,0.4175303199404762,0.0
v1_mask_heur_K64_H8_before,16,19.0,50,2127.9089524599835,0,50,0.0,0.4077371186755952,0.0
v1_mask_heur_K64_H8_before,17,26.0,50,2203.376721420009,0,50,0.0,0.4316114862351189,0.0
v1_mask_heur_K64_H8_before,18,35.0,50,2195.384337420073,0,50,0.0,0.4149016927083332,0.0
v1_mask_heur_K64_H8_before,19,17.0,50,2178.8533759399616,0,50,0.0,0.3944272042410713,0.0
v1_mask_heur_K64_H8_before,20,78.0,50,2137.107728299997,0,50,0.0,0.4162008649553571,0.0
v1_mask_heur_K64_H8_before,21,22.0,50,2202.4663321799926,0,50,0.0,0.4194399181547618,0.0
v1_mask_heur_K64_H8_before,22,12.0,50,1930.2878847400093,0,50,0.0,0.4457461960565476,0.0
v1_mask_heur_K64_H8_before,23,34.0,50,2043.224770279976,0,50,0.0,0.4045842540922618,0.0
v1_mask_heur_K64_H8_before,24,20.0,50,2017.255802580039,0,50,0.0,0.4194978608630953,0.0
v1_mask_heur_K64_H8_before,25,25.0,50,2020.660764840086,0,50,0.0,0.4224044363839286,0.0
v1_mask_heur_K64_H8_before,26,18.0,50,1999.01834747996,0,50,0.0,0.4275614583333333,0.0
v1_mask_heur_K64_H8_before,27,34.0,50,2118.699997619951,0,50,0.0,0.4006736607142857,0.0
v1_mask_heur_K64_H8_before,28,26.0,50,2196.9272859199737,0,50,0.0,0.4293437499999999,0.0
v1_mask_heur_K64_H8_before,29,0.0,27,2168.7108447037003,0,27,0.0,0.4523186383928571,0.0
v1_mask_heur_K64_H8_before,30,35.0,50,2265.178741899981,0,50,0.0,0.4357188616071428,0.0
v1_mask_heur_K64_H8_before,31,24.0,50,2369.962759219943,0,50,0.0,0.4256782459077381,0.0
v1_mask_heur_K64_H8_before,32,23.0,50,2369.357030599968,0,50,0.0,0.4137125093005952,0.0
v1_mask_heur_K64_H8_before,33,2.0,31,2563.0132786129197,0,31,0.0,0.4799296004944317,0.0
v1_mask_heur_K64_H8_before,34,21.0,50,2334.274510279975,0,50,0.0,0.4293979910714285,0.0
v1_mask_heur_K64_H8_before,35,26.0,50,2362.368194919891,0,50,0.0,0.4266409877232142,0.0
v1_mask_heur_K64_H8_before,36,33.0,50,2315.394216099922,0,50,0.0,0.4046196800595238,0.0
v1_mask_heur_K64_H8_before,37,29.0,50,2139.6524989400496,0,50,0.0,0.4133329241071428,0.0
v1_mask_heur_K64_H8_before,38,30.0,50,2285.38096032009,0,50,0.0,0.4125645368303571,0.0
v1_mask_heur_K64_H8_before,39,19.0,50,2369.4915432000566,0,50,0.0,0.4249666573660714,0.0
v1_mask_heur_K64_H8_before,40,15.0,47,2516.540858404291,0,47,0.0,0.4177006356066364,0.0
v1_mask_heur_K64_H8_before,41,25.0,50,2232.9539900200507,0,50,0.0,0.4310733165922618,0.0
v1_mask_heur_K64_H8_before,42,27.0,50,2191.870360519952,0,50,0.0,0.4048282366071428,0.0
v1_mask_heur_K64_H8_before,43,26.0,50,2119.094688740043,0,50,0.0,0.4510863002232143,0.0
v1_mask_heur_K64_H8_before,44,12.0,48,2128.77558612496,0,48,0.0,0.4683521864149305,0.0
v1_mask_heur_K64_H8_before,45,29.0,50,2133.602336540007,0,50,0.0,0.4133976376488094,0.0
v1_mask_heur_K64_H8_before,46,27.0,50,2090.402345120001,0,50,0.0,0.3976035156249999,0.0
v1_mask_heur_K64_H8_before,47,23.0,50,2048.952573860024,0,50,0.0,0.4231637462797619,0.0
v1_mask_heur_K64_H8_before,48,35.0,50,2053.9588469400223,0,50,0.0,0.4237100911458333,0.0
v1_mask_heur_K64_H8_before,49,28.0,50,2109.966841860024,0,50,0.0,0.4469199032738095,0.0
v1_mask_heur_K64_H8_before,50,33.0,50,2089.1322396200303,0,50,0.0,0.4444664620535714,0.0
v1_mask_heur_K64_H8_before,51,19.0,50,2095.6543852399955,0,50,0.0,0.4047571242559523,0.0
v1_mask_heur_K64_H8_before,52,12.0,44,2120.1524366590543,0,44,0.0,0.4312456773369859,0.0
v1_mask_heur_K64_H8_before,53,24.0,50,2060.8301458400274,0,50,0.0,0.4315506696428571,0.0
v1_mask_heur_K64_H8_before,54,20.0,50,2190.9947517201,0,50,0.0,0.4323545386904762,0.0
v1_mask_heur_K64_H8_before,55,15.0,50,2221.5931985797943,0,50,0.0,0.4112568173363095,0.0
v1_mask_heur_K64_H8_before,56,22.0,50,2226.7491701198014,0,50,0.0,0.4184066964285713,0.0
v1_mask_heur_K64_H8_before,57,25.0,50,2231.4805888200863,0,50,0.0,0.4068117280505952,0.0
v1_mask_heur_K64_H8_before,58,26.0,50,2240.8333445801327,0,50,0.0,0.4284932942708332,0.0
v1_mask_heur_K64_H8_before,59,4.0,33,2285.031369393905,0,33,0.0,0.4470529936643218,0.0
v1_mask_heur_K64_H8_before,60,33.0,50,2299.129829020057,0,50,0.0,0.408353050595238,0.0
v1_mask_heur_K64_H8_before,61,26.0,50,2181.91552419994,0,50,0.0,0.4258213169642857,0.0
v1_mask_heur_K64_H8_before,62,24.0,50,2192.6863224200497,0,50,0.0,0.4394954613095238,0.0
v1_mask_heur_K64_H8_before,63,36.0,50,2162.305574019847,0,50,0.0,0.4014726655505952,0.0
v1_mask_heur_K64_H8_before,64,26.0,50,2179.898717060169,0,50,0.0,0.4225526506696428,0.0
v1_mask_heur_K64_H8_before,65,9.0,30,2295.7333123999583,0,30,0.0,0.4081243024553572,0.0
v1_mask_heur_K64_H8_before,66,25.0,50,2216.9020943200667,0,50,0.0,0.4334371837797618,0.0
v1_mask_heur_K64_H8_before,67,18.0,50,2127.6405602400337,0,50,0.0,0.4069378534226189,0.0
v1_mask_heur_K64_H8_before,68,2.0,25,2161.223561840088,0,25,0.0,0.4249450334821428,0.0
v1_mask_heur_K64_H8_before,69,31.0,50,2172.437635639908,0,50,0.0,0.4241868303571429,0.0
v1_mask_heur_K64_H8_before,70,2.0,31,2051.315667258091,0,31,0.0,0.4829331527217742,0.0
v1_mask_heur_K64_H8_before,71,23.0,50,2206.9710561600004,0,50,0.0,0.4088015904017857,0.0
v1_mask_heur_K64_H8_before,72,29.0,50,2160.266643380164,0,50,0.0,0.4233340587797618,0.0
v1_mask_heur_K64_H8_before,73,11.0,40,2308.632227049975,0,40,0.0,0.4261921037946429,0.0
v1_mask_heur_K64_H8_before,74,36.0,50,3021.537874499991,0,50,0.0,0.4232321149553572,0.0
v1_mask_heur_K64_H8_before,75,43.0,50,2760.595413439878,0,50,0.0,0.4273277250744047,0.0
v1_mask_heur_K64_H8_before,76,20.0,50,2082.142094839837,0,50,0.0,0.4291008649553571,0.0
v1_mask_heur_K64_H8_before,77,49.0,50,2095.069746960144,0,50,0.0,0.4461807570684524,0.0
v1_mask_heur_K64_H8_before,78,19.0,50,2163.387634299943,0,50,0.0,0.4085916759672618,0.0
v1_mask_heur_K64_H8_before,79,22.0,50,2082.372524760067,0,50,0.0,0.4456975074404761,0.0
v1_mask_heur_K64_H8_before,80,14.0,49,2060.268971775537,0,49,0.0,0.4421055788386783,0.0
v1_mask_heur_K64_H8_before,81,24.0,50,2272.321204740074,0,50,0.0,0.4258024181547618,0.0
v1_mask_heur_K64_H8_before,82,37.0,50,2331.482747219852,0,50,0.0,0.4470692429315475,0.0
v1_mask_heur_K64_H8_before,83,26.0,50,2235.430500620132,0,50,0.0,0.4181401785714286,0.0
v1_mask_heur_K64_H8_before,84,18.0,50,2112.1215929200844,0,50,0.0,0.4409074776785714,0.0
v1_mask_heur_K64_H8_before,85,25.0,50,2182.0801112799018,0,50,0.0,0.4306825427827381,0.0
v1_mask_heur_K64_H8_before,86,19.0,50,2117.565097320148,0,50,0.0,0.4416402901785713,0.0
v1_mask_heur_K64_H8_before,87,26.0,50,2192.556161780012,0,50,0.0,0.4081089843749999,0.0
v1_mask_heur_K64_H8_before,88,24.0,50,2163.882971360072,0,50,0.0,0.4315465029761904,0.0
v1_mask_heur_K64_H8_before,89,18.0,50,2163.551241100104,0,50,0.0,0.4334520740327381,0.0
v1_mask_heur_K64_H8_before,90,22.0,50,2176.7554015199858,0,50,0.0,0.446938439360119,0.0
v1_mask_heur_K64_H8_before,91,19.0,50,2113.90400832006,0,50,0.0,0.4391638020833334,0.0
v1_mask_heur_K64_H8_before,92,22.0,50,2156.6703822599447,0,50,0.0,0.4092537016369047,0.0
v1_mask_heur_K64_H8_before,93,22.0,50,2159.533019879891,0,50,0.0,0.407938364955357,0.0
v1_mask_heur_K64_H8_before,94,31.0,50,2086.0790370999166,0,50,0.0,0.441264415922619,0.0
v1_mask_heur_K64_H8_before,95,29.0,50,2134.9382547599453,0,50,0.0,0.4314501302083333,0.0
v1_mask_heur_K64_H8_before,96,22.0,50,2060.9736368200174,0,50,0.0,0.4199661272321428,0.0
v1_mask_heur_K64_H8_before,97,26.0,50,2163.417937839913,0,50,0.0,0.4245627046130952,0.0
v1_mask_heur_K64_H8_before,98,24.0,50,2163.818915199954,0,50,0.0,0.4155063523065475,0.0
v1_mask_heur_K64_H8_before,99,7.0,30,2017.6673501332816,0,30,0.0,0.4240575241815477,0.0
v1_mask_heur_K64_H8_before,100,22.0,50,2032.1619788599853,0,50,0.0,0.432651599702381,0.0
